exam,Exam Block,slot,size,b2bs,confs,2i3s,score,score_norm
M12353E1,6,1,105,0,2,12,2000.0,19.047619047619047
C81MJAE1,13,9,130,8,2,16,2008.0,15.446153846153846
L12404E1,13,12,105,102,0,99,102.0,0.9714285714285714
L12302E1,15,13,107,102,0,6,102.0,0.9532710280373832
H7CLASE1,10,10,9,4,0,1,4.0,0.4444444444444444
HG1S1CE1,8,10,18,5,0,0,5.0,0.2777777777777778
H3CFM3E1,14,9,4,1,0,0,1.0,0.25
N1B422E1,12,37,25,6,0,0,6.0,0.24
LK44FAE1,4,3,52,12,0,15,12.0,0.23076923076923078
V41124E1,26,7,13,3,0,1,3.0,0.23076923076923078
N1B406E1,1,4,48,11,0,14,11.0,0.22916666666666666
G111VBE1,17,30,24,5,0,6,5.0,0.20833333333333334
G111CCE1,26,7,59,12,0,36,12.0,0.2033898305084746
V41103E1,7,10,10,2,0,3,2.0,0.2
AAA022E1,15,9,28,5,0,3,5.0,0.17857142857142858
LK10FAE1,7,10,44,7,0,8,7.0,0.1590909090909091
H3CPOEE1,14,9,38,6,0,0,6.0,0.15789473684210525
LK10SAE1,15,13,74,11,0,7,11.0,0.14864864864864866
L3B046E1,1,37,21,3,0,0,3.0,0.14285714285714285
LKA1SAE1,17,34,21,3,0,6,3.0,0.14285714285714285
LKC3FAE1,7,10,77,11,0,19,11.0,0.14285714285714285
LKB2FAE1,17,34,50,7,0,19,7.0,0.14
N1B409E1,4,9,31,4,0,4,4.0,0.12903225806451613
AAA024E1,1,13,31,4,0,13,4.0,0.12903225806451613
H2CS05E1,22,4,39,5,0,24,5.0,0.1282051282051282
N11102E1,3,12,155,19,0,32,19.0,0.12258064516129032
C81IAAE1,15,13,100,12,0,49,12.0,0.12
Q3A308E1,3,6,26,3,0,0,3.0,0.11538461538461539
R21101E1,1,37,96,11,0,0,11.0,0.11458333333333333
V11111E1,19,36,114,13,0,12,13.0,0.11403508771929824
H71IWEE1,4,9,97,11,0,3,11.0,0.1134020618556701
LK10IAE1,3,6,53,6,0,3,6.0,0.11320754716981132
LKB2SAE1,26,7,9,1,0,1,1.0,0.1111111111111111
LKA1RAE1,17,9,9,1,0,0,1.0,0.1111111111111111
LK10GAE1,10,33,50,5,0,4,5.0,0.1
V81105E1,13,12,21,2,0,21,2.0,0.09523809523809523
M3B034E1,19,36,21,2,0,1,2.0,0.09523809523809523
V7A211E1,26,9,53,5,0,0,5.0,0.09433962264150944
V11103E1,7,10,55,5,0,15,5.0,0.09090909090909091
Q4A106E1,26,7,11,1,0,1,1.0,0.09090909090909091
M1B372E1,22,36,33,3,0,5,3.0,0.09090909090909091
C82HUAE1,1,4,12,1,0,1,1.0,0.08333333333333333
R22102E1,13,12,24,2,0,24,2.0,0.08333333333333333
LKB2GAE1,17,34,24,2,0,7,2.0,0.08333333333333333
LKA1FAE1,17,34,141,11,0,34,11.0,0.07801418439716312
R12005E1,17,34,26,2,0,10,2.0,0.07692307692307693
F311X4E1,1,4,67,5,0,63,5.0,0.07462686567164178
R11003E1,12,31,109,8,0,7,8.0,0.07339449541284404
M31006E1,10,33,82,6,0,15,6.0,0.07317073170731707
V7A101E1,17,34,83,6,0,30,6.0,0.07228915662650602
AAA011E1,17,7,14,1,0,2,1.0,0.07142857142857142
V12135E1,13,12,28,2,0,3,2.0,0.07142857142857142
M33053E1,17,9,28,2,0,3,2.0,0.07142857142857142
R12001E1,4,3,129,9,0,32,9.0,0.06976744186046512
L31004E1,1,35,88,6,0,58,6.0,0.06818181818181818
H7BMOQE1,10,33,120,8,0,34,8.0,0.06666666666666667
M1B374E1,7,10,15,1,0,0,1.0,0.06666666666666667
V42103E1,19,9,15,1,0,0,1.0,0.06666666666666667
V7A216E1,10,32,31,2,0,18,2.0,0.06451612903225806
G5BAIPE1,7,10,31,2,0,0,2.0,0.06451612903225806
LK10RAE1,23,37,16,1,0,0,1.0,0.0625
V7A204E1,15,13,65,4,0,10,4.0,0.06153846153846154
N1A110E1,26,7,83,5,0,30,5.0,0.060240963855421686
M1B380E1,4,13,17,1,0,3,1.0,0.058823529411764705
F311E1E1,3,6,106,6,0,24,6.0,0.05660377358490566
F311M1E1,12,31,161,9,0,88,9.0,0.055900621118012424
C71101E1,3,6,205,11,0,3,11.0,0.05365853658536585
L11110E1,22,9,57,3,0,6,3.0,0.05263157894736842
N1B420E1,17,34,19,1,0,8,1.0,0.05263157894736842
F311Z1E1,13,12,144,7,0,41,7.0,0.04861111111111111
N1A402E1,12,32,83,4,0,18,4.0,0.04819277108433735
Q8B094E1,26,7,42,2,0,8,2.0,0.047619047619047616
H8B045E1,10,33,63,3,0,0,3.0,0.047619047619047616
L13507E1,7,10,64,3,0,2,3.0,0.046875
G51MC1E1,12,23,65,3,0,0,3.0,0.046153846153846156
M1B357E1,10,33,22,1,0,5,1.0,0.045454545454545456
V11105E1,13,12,66,3,0,19,3.0,0.045454545454545456
G111GBE1,10,33,222,10,0,90,10.0,0.04504504504504504
N11103E1,19,36,90,4,0,5,4.0,0.044444444444444446
N1B410E1,19,36,114,5,0,17,5.0,0.043859649122807015
L82120E1,3,6,46,2,0,21,2.0,0.043478260869565216
H3CMECE1,10,33,23,1,0,7,1.0,0.043478260869565216
G11AS1E1,1,37,69,3,0,1,3.0,0.043478260869565216
C81HCAE1,22,30,216,9,0,56,9.0,0.041666666666666664
M33074E1,1,4,48,2,0,16,2.0,0.041666666666666664
R23117E1,3,6,24,1,0,2,1.0,0.041666666666666664
M33042E1,10,33,97,4,0,0,4.0,0.041237113402061855
G53VIPE1,26,7,25,1,0,21,1.0,0.04
F311X2E1,20,28,25,1,0,10,1.0,0.04
L82121E1,1,4,26,1,0,22,1.0,0.038461538461538464
R13012E1,26,7,26,1,0,1,1.0,0.038461538461538464
H5C112E1,17,12,26,1,0,6,1.0,0.038461538461538464
R13021E1,10,10,26,1,0,1,1.0,0.038461538461538464
Q8B043E1,1,9,26,1,0,4,1.0,0.038461538461538464
F321Z3E1,14,9,106,4,0,10,4.0,0.03773584905660377
Q31301E1,22,30,80,3,0,7,3.0,0.0375
V73MD1E1,26,7,29,1,0,1,1.0,0.034482758620689655
F12O01E1,8,3,29,1,0,2,1.0,0.034482758620689655
L31097E1,10,33,62,2,0,32,2.0,0.03225806451612903
M3A010E1,15,13,187,6,0,22,6.0,0.03208556149732621
V81101E1,7,10,32,1,0,22,1.0,0.03125
V6A100E1,17,34,96,3,0,19,3.0,0.03125
R83038E1,13,9,32,1,0,8,1.0,0.03125
R22101E1,7,10,66,2,0,32,2.0,0.030303030303030304
V7A107E1,25,22,67,2,0,13,2.0,0.029850746268656716
G13RE2E1,14,9,34,1,0,3,1.0,0.029411764705882353
R4A117E1,13,12,34,1,0,13,1.0,0.029411764705882353
L82111E1,7,10,70,2,0,1,2.0,0.02857142857142857
R12008E1,19,36,35,1,0,9,1.0,0.02857142857142857
L12330E1,12,31,35,1,0,2,1.0,0.02857142857142857
F311X1E1,19,36,37,1,0,12,1.0,0.02702702702702703
M1B363E1,12,31,37,1,0,4,1.0,0.02702702702702703
V7A105E1,3,6,40,1,0,3,1.0,0.025
J5BSTME1,12,31,42,1,0,36,1.0,0.023809523809523808
F311B1E1,22,10,43,1,0,38,1.0,0.023255813953488372
L12303E1,7,10,137,3,0,99,3.0,0.021897810218978103
V7A109E1,4,3,46,1,0,12,1.0,0.021739130434782608
R11004E1,7,10,138,3,0,36,3.0,0.021739130434782608
L13504E1,22,30,46,1,0,52,1.0,0.021739130434782608
L31073E1,17,37,49,1,0,29,1.0,0.02040816326530612
V82110E1,7,3,50,1,0,7,1.0,0.02
L11100E1,12,31,160,3,0,17,3.0,0.01875
K1ATS1E1,2,5,54,1,0,0,1.0,0.018518518518518517
V81109E1,4,3,56,1,0,24,1.0,0.017857142857142856
G5P005E1,8,37,56,1,0,0,1.0,0.017857142857142856
M3B031E1,22,30,58,1,0,9,1.0,0.017241379310344827
M3A015E1,17,34,176,3,0,6,3.0,0.017045454545454544
H6C162E1,19,36,60,1,0,7,1.0,0.016666666666666666
V61120E1,22,30,60,1,0,14,1.0,0.016666666666666666
H82046E1,22,30,63,1,0,61,1.0,0.015873015873015872
V41142E1,23,24,65,1,0,38,1.0,0.015384615384615385
R4A101E1,17,34,68,1,0,9,1.0,0.014705882352941176
H51200E1,15,34,71,1,0,20,1.0,0.014084507042253521
G111GAE1,19,36,71,1,0,7,1.0,0.014084507042253521
F12P01E1,10,33,160,2,0,2,2.0,0.0125
H21H01E1,10,33,80,1,0,1,1.0,0.0125
G111VAE1,26,7,165,2,0,44,2.0,0.012121212121212121
Q8B056E1,13,12,87,1,0,3,1.0,0.011494252873563218
F321T2E1,19,3,95,1,0,47,1.0,0.010526315789473684
H62160E1,22,29,99,1,0,3,1.0,0.010101010101010102
H3BMDYE1,12,31,106,1,0,5,1.0,0.009433962264150943
G12AL1E1,8,37,109,1,0,6,1.0,0.009174311926605505
H51100E1,22,30,114,1,0,9,1.0,0.008771929824561403
HG2J3BE1,7,10,119,1,0,53,1.0,0.008403361344537815
HGAEM2E1,1,4,542,4,0,516,4.0,0.007380073800738007
F13I01E1,17,34,144,1,0,36,1.0,0.006944444444444444
G11MA1E1,4,3,172,1,0,198,1.0,0.005813953488372093
R11001E1,4,3,191,1,0,89,1.0,0.005235602094240838
H71MIPE1,12,36,87,0,0,7,0.0,0.0
V82C01E1,24,5,17,0,0,16,0.0,0.0
H22C20E1,19,36,143,0,0,12,0.0,0.0
Q8A310E1,19,36,52,0,0,8,0.0,0.0
V73128E1,2,4,16,0,0,5,0.0,0.0
H22M02E1,6,1,76,0,0,4,0.0,0.0
V43103E1,19,3,15,0,0,2,0.0,0.0
W32H14E1,24,7,12,0,0,7,0.0,0.0
L3B090E1,10,32,32,0,0,16,0.0,0.0
V41133E1,12,24,19,0,0,3,0.0,0.0
C82BCSE1,19,36,101,0,0,4,0.0,0.0
V83119E1,12,23,16,0,0,0,0.0,0.0
J1C227E1,15,7,17,0,0,17,0.0,0.0
H51140E1,13,23,101,0,0,0,0.0,0.0
C8CXCHE1,8,9,20,0,0,6,0.0,0.0
H5C113E1,10,5,57,0,0,57,0.0,0.0
G111DGE1,3,13,15,0,0,1,0.0,0.0
N1B408E1,26,7,14,0,0,4,0.0,0.0
C12332E1,8,36,48,0,0,1,0.0,0.0
R4A215E1,6,1,19,0,0,14,0.0,0.0
R4A210E1,7,29,18,0,0,2,0.0,0.0
F13O02E1,7,2,103,0,0,9,0.0,0.0
Q82028E1,7,28,6,0,0,2,0.0,0.0
K1BBS1E1,20,28,48,0,0,2,0.0,0.0
F11P02E1,4,3,129,0,0,11,0.0,0.0
C42304E1,19,13,63,0,0,0,0.0,0.0
F11I02E1,23,24,110,0,0,5,0.0,0.0
K4C120E1,18,35,42,0,0,27,0.0,0.0
C12338E1,21,29,57,0,0,36,0.0,0.0
V13152E1,18,35,4,0,0,0,0.0,0.0
C82MHAE1,15,13,117,0,0,92,0.0,0.0
R13005E1,17,33,27,0,0,5,0.0,0.0
V12129E1,14,2,12,0,0,1,0.0,0.0
H8B040E1,14,12,68,0,0,8,0.0,0.0
AA2016E1,17,34,20,0,0,6,0.0,0.0
F331Z4E1,26,7,66,0,0,34,0.0,0.0
R23107E1,1,15,12,0,0,0,0.0,0.0
V12127E1,12,30,17,0,0,3,0.0,0.0
H6P001E1,8,1,4,0,0,0,0.0,0.0
Q13017E1,15,13,2,0,0,0,0.0,0.0
Q81011E1,26,22,2,0,0,1,0.0,0.0
AA3008E1,9,15,31,0,0,0,0.0,0.0
G13ST3E1,26,7,16,0,0,15,0.0,0.0
H2CH05E1,9,15,92,0,0,0,0.0,0.0
N13304E1,6,1,125,0,0,6,0.0,0.0
HG3S5FE1,26,7,11,0,0,0,0.0,0.0
V13214E1,24,23,16,0,0,0,0.0,0.0
N1B201E1,22,30,120,0,0,139,0.0,0.0
H7CHCME1,25,22,25,0,0,11,0.0,0.0
V6B335E1,14,9,1,0,0,0,0.0,0.0
H3AFM1E1,15,13,102,0,0,1,0.0,0.0
C12329E1,10,37,11,0,0,0,0.0,0.0
K1BCSTE1,14,9,48,0,0,0,0.0,0.0
Q4B104E1,16,26,14,0,0,0,0.0,0.0
R23102E1,19,36,50,0,0,1,0.0,0.0
Q81003E1,23,24,47,0,0,7,0.0,0.0
H7CSURE1,7,12,17,0,0,1,0.0,0.0
W31A12E1,22,30,24,0,0,2,0.0,0.0
V6B329E1,3,34,17,0,0,2,0.0,0.0
L83112E1,15,13,42,0,0,0,0.0,0.0
L3B030E1,19,36,27,0,0,4,0.0,0.0
Q3B201E1,26,13,17,0,0,4,0.0,0.0
H7CAMFE1,19,36,30,0,0,8,0.0,0.0
H2CT01E1,13,12,95,0,0,30,0.0,0.0
F13X03E1,14,9,104,0,0,97,0.0,0.0
V13104E1,8,26,6,0,0,0,0.0,0.0
R22110E1,11,32,28,0,0,14,0.0,0.0
Q83144E1,18,35,6,0,0,0,0.0,0.0
L83122E1,24,35,13,0,0,3,0.0,0.0
R82027E1,1,30,7,0,0,1,0.0,0.0
N1A104E1,16,26,62,0,0,25,0.0,0.0
N13303E1,16,26,67,0,0,16,0.0,0.0
Q82024E1,11,3,5,0,0,1,0.0,0.0
N1B202E1,20,28,123,0,0,221,0.0,0.0
V6B308E1,23,24,18,0,0,4,0.0,0.0
Q33308E1,15,37,48,0,0,1,0.0,0.0
V81107E1,22,30,38,0,0,8,0.0,0.0
V62200E1,9,15,37,0,0,0,0.0,0.0
N1B407E1,15,13,38,0,0,16,0.0,0.0
V82111E1,22,10,21,0,0,20,0.0,0.0
V43117E1,6,5,6,0,0,7,0.0,0.0
V6B306E1,14,37,16,0,0,0,0.0,0.0
V72AINE1,23,24,33,0,0,34,0.0,0.0
R13044E1,16,12,6,0,0,0,0.0,0.0
G12PR1E1,6,1,115,0,0,113,0.0,0.0
L3B049E1,17,34,35,0,0,12,0.0,0.0
R42103E1,13,12,36,0,0,3,0.0,0.0
H53171E1,22,7,105,0,0,65,0.0,0.0
R23106E1,10,33,7,0,0,1,0.0,0.0
R43149E1,17,31,8,0,0,0,0.0,0.0
R13007E1,6,1,20,0,0,2,0.0,0.0
Q4B102E1,1,4,22,0,0,2,0.0,0.0
H6C133E1,1,12,34,0,0,7,0.0,0.0
R4B107E1,19,36,11,0,0,0,0.0,0.0
R4A119E1,1,5,8,0,0,2,0.0,0.0
M11343E1,9,15,94,0,0,31,0.0,0.0
M33060E1,15,13,82,0,0,1,0.0,0.0
L82125E1,20,28,83,0,0,73,0.0,0.0
R43153E1,17,34,2,0,0,0,0.0,0.0
V12139E1,20,28,9,0,0,6,0.0,0.0
Q13013E1,8,37,1,0,0,0,0.0,0.0
H3CNUEE1,3,37,33,0,0,8,0.0,0.0
R13022E1,25,22,19,0,0,2,0.0,0.0
G13SP2E1,10,31,23,0,0,1,0.0,0.0
H7ACS1E1,22,29,92,0,0,0,0.0,0.0
D23342E1,5,1,1,0,0,0,0.0,0.0
LKA1JAE1,2,7,6,0,0,1,0.0,0.0
V6B310E1,1,35,1,0,0,0,0.0,0.0
G13LO1E1,1,3,47,0,0,19,0.0,0.0
N1B404E1,9,15,30,0,0,9,0.0,0.0
M3A002E1,23,24,155,0,0,1,0.0,0.0
R43148E1,17,1,1,0,0,1,0.0,0.0
M3B043E1,3,6,51,0,0,3,0.0,0.0
Q8B063E1,16,26,40,0,0,20,0.0,0.0
L83160E1,5,30,82,0,0,1,0.0,0.0
R82025E1,26,5,25,0,0,11,0.0,0.0
W32H10E1,11,23,6,0,0,0,0.0,0.0
HG3J5GE1,15,10,8,0,0,2,0.0,0.0
L3B100E1,15,13,21,0,0,3,0.0,0.0
R13017E1,2,33,11,0,0,2,0.0,0.0
H82029E1,18,35,63,0,0,2,0.0,0.0
M12365E1,25,22,41,0,0,2,0.0,0.0
Q8B075E1,21,23,5,0,0,0,0.0,0.0
R22203E1,9,15,20,0,0,0,0.0,0.0
G111MCE1,24,23,3,0,0,0,0.0,0.0
R13003E1,12,31,28,0,0,9,0.0,0.0
V72119E1,13,30,19,0,0,9,0.0,0.0
M31001E1,6,29,171,0,0,167,0.0,0.0
L13503E1,5,2,42,0,0,3,0.0,0.0
L13511E1,2,5,8,0,0,0,0.0,0.0
Q4A219E1,24,23,7,0,0,0,0.0,0.0
R23105E1,16,26,7,0,0,1,0.0,0.0
L11120E1,20,28,89,0,0,78,0.0,0.0
K4C110E1,14,9,42,0,0,0,0.0,0.0
V42112E1,25,22,28,0,0,14,0.0,0.0
M13367E1,24,23,8,0,0,0,0.0,0.0
Q33307E1,21,29,51,0,0,2,0.0,0.0
F311A1E1,9,15,52,0,0,2,0.0,0.0
Q8B076E1,17,34,5,0,0,6,0.0,0.0
R8B032E1,13,12,4,0,0,0,0.0,0.0
Q8B074E1,11,32,8,0,0,6,0.0,0.0
R21104E1,23,24,41,0,0,23,0.0,0.0
K1AEU1E1,21,30,53,0,0,0,0.0,0.0
V13119E1,24,31,20,0,0,5,0.0,0.0
Q33211E1,24,22,56,0,0,1,0.0,0.0
V43124E1,21,24,28,0,0,36,0.0,0.0
V81C17E1,21,35,3,0,0,0,0.0,0.0
Q81001E1,6,1,100,0,0,14,0.0,0.0
L13502E1,11,32,58,0,0,39,0.0,0.0
G13AL4E1,12,9,11,0,0,1,0.0,0.0
R42217E1,25,22,20,0,0,5,0.0,0.0
Q83142E1,2,5,13,0,0,5,0.0,0.0
Q8P010E1,24,23,1,0,0,0,0.0,0.0
M11341E1,23,24,85,0,0,17,0.0,0.0
L3B032E1,25,22,48,0,0,6,0.0,0.0
R83051E1,26,35,11,0,0,8,0.0,0.0
V12148E1,9,15,24,0,0,3,0.0,0.0
HG1EM0E1,1,4,58,0,0,47,0.0,0.0
V72121E1,16,26,42,0,0,39,0.0,0.0
AAB025E1,25,22,15,0,0,1,0.0,0.0
C82CUAE1,9,15,95,0,0,92,0.0,0.0
Q83170E1,3,35,2,0,0,0,0.0,0.0
V43125E1,8,9,10,0,0,4,0.0,0.0
L83121E1,8,35,8,0,0,1,0.0,0.0
G12ST1E1,23,3,112,0,0,210,0.0,0.0
V13163E1,15,7,3,0,0,0,0.0,0.0
V43239E1,26,7,17,0,0,8,0.0,0.0
R11002E1,16,26,89,0,0,34,0.0,0.0
R13006E1,26,7,12,0,0,2,0.0,0.0
K4P100E1,21,29,16,0,0,0,0.0,0.0
M1B351E1,1,3,11,0,0,6,0.0,0.0
R13015E1,15,26,9,0,0,6,0.0,0.0
R12002E1,23,24,54,0,0,21,0.0,0.0
R83056E1,16,12,1,0,0,0,0.0,0.0
C1P001E1,8,35,6,0,0,0,0.0,0.0
AAA013E1,10,32,55,0,0,42,0.0,0.0
Q32302E1,9,15,55,0,0,6,0.0,0.0
V13111E1,11,12,13,0,0,2,0.0,0.0
C82SUAE1,16,26,16,0,0,1,0.0,0.0
K43100E1,21,33,28,0,0,27,0.0,0.0
C8CXCEE1,11,33,16,0,0,0,0.0,0.0
R13101E1,14,4,2,0,0,0,0.0,0.0
Q3A307E1,22,30,26,0,0,6,0.0,0.0
C81HDAE1,16,26,194,0,0,39,0.0,0.0
R43152E1,4,1,4,0,0,0,0.0,0.0
Q81009E1,9,15,16,0,0,0,0.0,0.0
F12O02E1,15,23,114,0,0,0,0.0,0.0
HGBEM4E1,4,9,17,0,0,10,0.0,0.0
H72IRNE1,6,7,68,0,0,30,0.0,0.0
C83XWHE1,6,29,20,0,0,0,0.0,0.0
Q83184E1,9,1,11,0,0,1,0.0,0.0
V13173E1,1,29,4,0,0,0,0.0,0.0
R12026E1,12,31,15,0,0,1,0.0,0.0
H7BEGDE1,9,24,65,0,0,83,0.0,0.0
B11101E1,18,35,27,0,0,0,0.0,0.0
R43146E1,8,7,4,0,0,0,0.0,0.0
H7CORGE1,6,12,22,0,0,0,0.0,0.0
L3B036E1,7,10,25,0,0,0,0.0,0.0
V73127E1,21,33,15,0,0,10,0.0,0.0
L31005E1,25,22,68,0,0,9,0.0,0.0
J1C122E1,21,29,10,0,0,0,0.0,0.0
V42124E1,6,1,28,0,0,4,0.0,0.0
C43512E1,24,33,24,0,0,0,0.0,0.0
Q82031E1,7,23,3,0,0,0,0.0,0.0
LKA1GAE1,9,15,48,0,0,5,0.0,0.0
R81015E1,25,22,19,0,0,2,0.0,0.0
R22204E1,21,29,8,0,0,1,0.0,0.0
R23216E1,25,22,11,0,0,0,0.0,0.0
R4B209E1,16,26,1,0,0,1,0.0,0.0
R82028E1,25,22,10,0,0,4,0.0,0.0
K1BTMSE1,2,5,51,0,0,0,0.0,0.0
R8A011E1,19,36,8,0,0,0,0.0,0.0
Q4A210E1,25,22,39,0,0,8,0.0,0.0
C81HBAE1,9,15,171,0,0,49,0.0,0.0
M3A019E1,5,2,42,0,0,0,0.0,0.0
V6B336E1,11,32,24,0,0,1,0.0,0.0
V12143E1,23,24,36,0,0,23,0.0,0.0
H7CCNGE1,12,31,25,0,0,8,0.0,0.0
V43133E1,16,26,22,0,0,15,0.0,0.0
L3C086E1,16,26,50,0,0,4,0.0,0.0
V12123E1,16,26,32,0,0,18,0.0,0.0
C12321E1,12,31,68,0,0,50,0.0,0.0
L31013E1,9,15,59,0,0,2,0.0,0.0
R83044E1,24,7,9,0,0,7,0.0,0.0
C8CXPAE1,2,5,19,0,0,10,0.0,0.0
V43143E1,25,22,17,0,0,13,0.0,0.0
LK10JAE1,9,15,58,0,0,6,0.0,0.0
H3BDM3E1,13,37,118,0,0,0,0.0,0.0
L83120E1,3,6,14,0,0,4,0.0,0.0
L13505E1,25,22,68,0,0,9,0.0,0.0
C82OUAE1,18,35,3,0,0,0,0.0,0.0
V13105E1,21,29,8,0,0,2,0.0,0.0
R22112E1,3,6,14,0,0,1,0.0,0.0
M1B373E1,26,7,34,0,0,6,0.0,0.0
V83123E1,26,7,20,0,0,1,0.0,0.0
W32H16E1,19,36,13,0,0,6,0.0,0.0
L3B015E1,26,7,34,0,0,0,0.0,0.0
R83036E1,16,26,12,0,0,5,0.0,0.0
M3B066E1,23,24,76,0,0,35,0.0,0.0
L12310E1,21,29,21,0,0,1,0.0,0.0
V13169E1,16,26,8,0,0,1,0.0,0.0
K4P300E1,14,9,21,0,0,0,0.0,0.0
M11351E1,6,1,78,0,0,12,0.0,0.0
K4C280E1,2,5,9,0,0,0,0.0,0.0
H61120E1,4,2,115,0,0,105,0.0,0.0
V73232E1,18,35,29,0,0,10,0.0,0.0
M3B049E1,2,5,9,0,0,0,0.0,0.0
L81112E1,6,1,89,0,0,6,0.0,0.0
K1APADE1,9,15,59,0,0,1,0.0,0.0
R13011E1,1,4,21,0,0,3,0.0,0.0
M3B055E1,16,26,63,0,0,41,0.0,0.0
Q8B044E1,21,29,3,0,0,0,0.0,0.0
D21102E1,1,4,1,0,0,0,0.0,0.0
L12320E1,11,32,31,0,0,3,0.0,0.0
L82132E1,9,15,36,0,0,3,0.0,0.0
N12403E1,23,24,81,0,0,58,0.0,0.0
K4C140E1,2,5,43,0,0,0,0.0,0.0
C41101E1,19,36,102,0,0,2,0.0,0.0
L31109E1,20,28,52,0,0,15,0.0,0.0
L3C064E1,26,7,18,0,0,0,0.0,0.0
V71101E1,9,15,1,0,0,0,0.0,0.0
V12121E1,25,22,14,0,0,4,0.0,0.0
N13302E1,17,34,17,0,0,8,0.0,0.0
K42120E1,18,35,31,0,0,1,0.0,0.0
L11130E1,9,15,46,0,0,0,0.0,0.0
M33064E1,20,28,29,0,0,23,0.0,0.0
B12302E1,21,29,16,0,0,4,0.0,0.0
M33036E1,8,37,10,0,0,0,0.0,0.0
M33059E1,25,22,30,0,0,5,0.0,0.0
V11107E1,20,28,64,0,0,18,0.0,0.0
L82113E1,22,30,75,0,0,65,0.0,0.0
R83043E1,5,2,25,0,0,2,0.0,0.0
H22G06E1,26,1,9,0,0,2,0.0,0.0
F11O01E1,25,22,108,0,0,34,0.0,0.0
H33CONE1,4,3,78,0,0,49,0.0,0.0
J51IMAE1,19,36,47,0,0,0,0.0,0.0
HGBEM3E1,25,22,340,0,0,95,0.0,0.0
V43112E1,11,32,16,0,0,2,0.0,0.0
G5BGRAE1,23,24,53,0,0,31,0.0,0.0
R21206E1,6,1,43,0,0,20,0.0,0.0
L11150E1,16,26,56,0,0,54,0.0,0.0
M1B355E1,20,28,29,0,0,2,0.0,0.0
V41112E1,19,36,19,0,0,4,0.0,0.0
M3B062E1,25,22,12,0,0,3,0.0,0.0
L82124E1,24,23,1,0,0,0,0.0,0.0
Q4A101E1,6,1,49,0,0,2,0.0,0.0
Q81016E1,25,22,14,0,0,6,0.0,0.0
F321S6E1,6,1,18,0,0,2,0.0,0.0
L13509E1,16,26,33,0,0,23,0.0,0.0
R43204E1,20,28,15,0,0,1,0.0,0.0
K4C290E1,11,32,8,0,0,0,0.0,0.0
N1B405E1,9,15,45,0,0,11,0.0,0.0
N12203E1,16,26,102,0,0,130,0.0,0.0
G11PR1E1,6,1,165,0,0,159,0.0,0.0
W32F10E1,2,5,15,0,0,7,0.0,0.0
Q3B211E1,2,5,6,0,0,1,0.0,0.0
K1BACOE1,14,9,52,0,0,0,0.0,0.0
Q8B045E1,20,28,14,0,0,10,0.0,0.0
R81003E1,20,28,28,0,0,7,0.0,0.0
L81122E1,25,22,104,0,0,27,0.0,0.0
H72ENTE1,3,5,17,0,0,17,0.0,0.0
J1A102E1,7,10,45,0,0,0,0.0,0.0
F311V1E1,23,24,47,0,0,44,0.0,0.0
J1A202E1,26,2,44,0,0,44,0.0,0.0
J5BSMAE1,15,1,14,0,0,0,0.0,0.0
M1B359E1,9,15,22,0,0,3,0.0,0.0
H81022E1,5,2,64,0,0,64,0.0,0.0
G13CS2E1,23,24,10,0,0,3,0.0,0.0
F331X3E1,24,23,14,0,0,0,0.0,0.0
R13009E1,13,9,6,0,0,1,0.0,0.0
G13PR2E1,24,23,7,0,0,0,0.0,0.0
G52OBJE1,3,6,61,0,0,0,0.0,0.0
F331Z8E1,14,9,9,0,0,0,0.0,0.0
H22S02E1,13,29,75,0,0,0,0.0,0.0
H2CS06E1,12,31,50,0,0,1,0.0,0.0
C12327E1,15,13,58,0,0,0,0.0,0.0
C13573E1,25,22,20,0,0,0,0.0,0.0
G51DSDE1,16,26,55,0,0,1,0.0,0.0
C42307E1,5,2,37,0,0,0,0.0,0.0
B31101E1,2,6,107,0,0,107,0.0,0.0
AAB058E1,18,34,7,0,0,1,0.0,0.0
F11I01E1,9,15,109,0,0,1,0.0,0.0
G13ST6E1,22,5,39,0,0,22,0.0,0.0
R13014E1,10,12,11,0,0,0,0.0,0.0
C11105E1,23,24,163,0,0,54,0.0,0.0
H5C142E1,19,36,31,0,0,4,0.0,0.0
EN00P3E1,14,9,25,0,0,25,0.0,0.0
F13P03E1,3,6,44,0,0,5,0.0,0.0
LKB2JAE1,26,33,5,0,0,3,0.0,0.0
C13565E1,3,9,19,0,0,2,0.0,0.0
J1C112E1,12,30,37,0,0,1,0.0,0.0
N13301E1,22,30,20,0,0,4,0.0,0.0
L83123E1,8,4,8,0,0,4,0.0,0.0
G5P002E1,21,4,60,0,0,0,0.0,0.0
C82DUAE1,11,31,12,0,0,0,0.0,0.0
H2CP01E1,23,24,71,0,0,3,0.0,0.0
F12I02E1,26,7,122,0,0,8,0.0,0.0
V42143E1,26,34,10,0,0,4,0.0,0.0
C12325E1,2,5,62,0,0,1,0.0,0.0
H7CMSGE1,3,6,66,0,0,10,0.0,0.0
HG2J3AE1,25,23,29,0,0,0,0.0,0.0
B33545E1,14,4,93,0,0,93,0.0,0.0
C12331E1,16,10,14,0,0,0,0.0,0.0
V7A214E1,20,28,25,0,0,16,0.0,0.0
F331Q3E1,11,1,82,0,0,64,0.0,0.0
C13571E1,11,26,8,0,0,0,0.0,0.0
F321C6E1,8,5,11,0,0,5,0.0,0.0
EN00P5E1,5,23,26,0,0,0,0.0,0.0
B33563E1,20,28,18,0,0,0,0.0,0.0
Q83198E1,23,35,1,0,0,0,0.0,0.0
R83054E1,15,4,2,0,0,1,0.0,0.0
G13CM2E1,4,12,45,0,0,1,0.0,0.0
J1A110E1,4,35,43,0,0,0,0.0,0.0
B33549E1,11,23,93,0,0,0,0.0,0.0
F13P02E1,14,9,11,0,0,0,0.0,0.0
H2CM04E1,3,6,81,0,0,25,0.0,0.0
G5BSBBE1,19,36,9,0,0,0,0.0,0.0
H7BMACE1,26,29,24,0,0,2,0.0,0.0
B32322E1,5,2,110,0,0,0,0.0,0.0
L13516E1,26,34,20,0,0,14,0.0,0.0
Q83108E1,17,34,1,0,0,1,0.0,0.0
F12I01E1,17,7,38,0,0,20,0.0,0.0
H72LOGE1,20,28,23,0,0,10,0.0,0.0
L13510E1,14,35,11,0,0,0,0.0,0.0
J51R01E1,26,7,104,0,0,0,0.0,0.0
B33548E1,8,37,93,0,0,93,0.0,0.0
Q83172E1,1,4,3,0,0,0,0.0,0.0
R13023E1,15,29,14,0,0,4,0.0,0.0
V83138E1,13,12,11,0,0,2,0.0,0.0
H22V02E1,15,32,75,0,0,6,0.0,0.0
HGCEMAE1,9,15,46,0,0,1,0.0,0.0
C13572E1,5,4,7,0,0,0,0.0,0.0
C12324E1,25,23,63,0,0,0,0.0,0.0
F331N3E1,4,3,65,0,0,96,0.0,0.0
F13O01E1,11,32,44,0,0,31,0.0,0.0
G53LCTE1,20,1,13,0,0,1,0.0,0.0
H3CDMSE1,6,1,49,0,0,49,0.0,0.0
V12131E1,13,9,21,0,0,3,0.0,0.0
G53RDBE1,1,30,14,0,0,1,0.0,0.0
H71MS1E1,13,23,28,0,0,0,0.0,0.0
L13520E1,5,2,15,0,0,0,0.0,0.0
G52ALGE1,25,22,62,0,0,34,0.0,0.0
M1B382E1,1,5,13,0,0,4,0.0,0.0
F331O6E1,9,15,26,0,0,0,0.0,0.0
F13I06E1,1,4,1,0,0,1,0.0,0.0
F331S9E1,25,22,22,0,0,0,0.0,0.0
G51HOCE1,7,10,28,0,0,4,0.0,0.0
R23111E1,4,3,22,0,0,4,0.0,0.0
L83118E1,10,33,24,0,0,5,0.0,0.0
V13296E1,9,12,14,0,0,2,0.0,0.0
L11101E1,13,5,189,0,0,55,0.0,0.0
V6B333E1,5,28,5,0,0,1,0.0,0.0
G5BDBSE1,17,34,61,0,0,33,0.0,0.0
LKA1IAE1,19,7,11,0,0,1,0.0,0.0
B32321E1,17,31,119,0,0,114,0.0,0.0
Q8B341E1,15,1,7,0,0,0,0.0,0.0
H3BFM2E1,15,12,65,0,0,6,0.0,0.0
F331N6E1,16,26,22,0,0,7,0.0,0.0
H8C039E1,24,23,69,0,0,0,0.0,0.0
M3B030E1,14,12,184,0,0,15,0.0,0.0
H31ENCE1,10,2,97,0,0,97,0.0,0.0
H8C043E1,10,12,34,0,0,8,0.0,0.0
R22212E1,1,37,25,0,0,0,0.0,0.0
R23209E1,8,29,17,0,0,0,0.0,0.0
V11109E1,3,5,73,0,0,20,0.0,0.0
H2CH04E1,26,9,17,0,0,0,0.0,0.0
J5CCRME1,26,2,25,0,0,0,0.0,0.0
C42306E1,10,33,62,0,0,13,0.0,0.0
J5CCCEE1,5,29,29,0,0,4,0.0,0.0
HG2J4AE1,13,2,28,0,0,23,0.0,0.0
F3B1X4E1,1,5,78,0,0,105,0.0,0.0
F11P01E1,12,9,88,0,0,9,0.0,0.0
F311M0E1,4,2,103,0,0,23,0.0,0.0
C11101E1,7,32,145,0,0,23,0.0,0.0
L3B021E1,4,3,30,0,0,8,0.0,0.0
V61110E1,26,7,62,0,0,4,0.0,0.0
H83024E1,1,37,67,0,0,2,0.0,0.0
H52110E1,12,32,90,0,0,16,0.0,0.0
H3BMS2E1,20,28,124,0,0,51,0.0,0.0
V41143E1,7,12,9,0,0,0,0.0,0.0
B32327E1,21,29,110,0,0,110,0.0,0.0
J1B116E1,3,7,11,0,0,0,0.0,0.0
HG3S5EE1,16,26,19,0,0,1,0.0,0.0
V13177E1,1,5,10,0,0,2,0.0,0.0
HG3J5AE1,6,1,29,0,0,2,0.0,0.0
V12116E1,4,37,11,0,0,1,0.0,0.0
V6B302E1,17,3,43,0,0,9,0.0,0.0
LK10KBE1,1,1,6,0,0,4,0.0,0.0
F13I03E1,26,12,15,0,0,0,0.0,0.0
H21B00E1,3,29,90,0,0,0,0.0,0.0
H8C001E1,1,4,32,0,0,0,0.0,0.0
G13AN4E1,19,1,7,0,0,4,0.0,0.0
R82022E1,6,1,18,0,0,6,0.0,0.0
V13101E1,11,32,6,0,0,0,0.0,0.0
C8COUAE1,26,7,37,0,0,19,0.0,0.0
K1AHWAE2,7,10,58,0,0,1,0.0,0.0
V42117E1,23,24,15,0,0,14,0.0,0.0
G5ABELE1,5,30,28,0,0,0,0.0,0.0
N13305E1,3,6,28,0,0,1,0.0,0.0
G13RE1E1,24,23,7,0,0,0,0.0,0.0
H7CFAME1,23,24,43,0,0,35,0.0,0.0
R23009E1,17,12,10,0,0,1,0.0,0.0
AAA034E1,7,5,26,0,0,3,0.0,0.0
V83143E1,7,10,10,0,0,2,0.0,0.0
C13562E1,2,5,33,0,0,2,0.0,0.0
H33MI2E1,20,28,75,0,0,13,0.0,0.0
F11O02E1,7,10,112,0,0,2,0.0,0.0
V82115E1,13,12,50,0,0,20,0.0,0.0
B32326E1,8,37,110,0,0,0,0.0,0.0
G13LA1E1,17,15,4,0,0,0,0.0,0.0
V42133E1,21,29,34,0,0,0,0.0,0.0
D23360E1,8,37,8,0,0,0,0.0,0.0
F321T6E1,19,35,18,0,0,8,0.0,0.0
F12X02E1,16,26,65,0,0,2,0.0,0.0
J5BORME1,8,37,12,0,0,0,0.0,0.0
R13001E1,8,37,36,0,0,0,0.0,0.0
F13P05E1,2,5,8,0,0,8,0.0,0.0
K41210E1,17,3,30,0,0,6,0.0,0.0
Q83168E1,20,28,5,0,0,0,0.0,0.0
V6B313E1,2,5,5,0,0,3,0.0,0.0
M13468E1,21,29,1,0,0,0,0.0,0.0
J1C125E1,18,35,11,0,0,0,0.0,0.0
V13181E1,21,29,5,0,0,0,0.0,0.0
H3CFRCE1,25,22,42,0,0,8,0.0,0.0
F321Q9E1,17,34,9,0,0,8,0.0,0.0
L13508E1,20,28,52,0,0,36,0.0,0.0
J52EMME1,26,7,36,0,0,0,0.0,0.0
J1B113E1,13,35,47,0,0,47,0.0,0.0
HG2J3DE1,2,4,27,0,0,47,0.0,0.0
H7CSIME1,17,34,12,0,0,7,0.0,0.0
H2CG03E1,20,28,43,0,0,4,0.0,0.0
J5CMUSE1,3,6,46,0,0,0,0.0,0.0
B13103E1,14,9,8,0,0,1,0.0,0.0
F321E4E1,11,32,13,0,0,0,0.0,0.0
F321Q2E1,25,22,98,0,0,21,0.0,0.0
H82006E1,11,32,61,0,0,61,0.0,0.0
V81103E1,2,5,4,0,0,3,0.0,0.0
Q3A201E1,16,26,64,0,0,9,0.0,0.0
H7CEPDE1,9,15,21,0,0,0,0.0,0.0
H63122E1,20,28,97,0,0,2,0.0,0.0
F331M9E1,18,35,8,0,0,0,0.0,0.0
C81JIAE2,18,35,1,0,0,0,0.0,0.0
R83046E1,20,28,18,0,0,8,0.0,0.0
J1A203E1,9,15,48,0,0,0,0.0,0.0
V73233E1,5,2,7,0,0,5,0.0,0.0
G12MM1E1,11,32,109,0,0,112,0.0,0.0
F321M1E1,20,28,94,0,0,3,0.0,0.0
V13197E1,21,29,9,0,0,1,0.0,0.0
Q83110E1,21,29,1,0,0,0,0.0,0.0
G13AS5E1,3,37,19,0,0,0,0.0,0.0
B12320E1,14,9,6,0,0,0,0.0,0.0
V13125E1,24,23,4,0,0,0,0.0,0.0
H3BFM2E2,16,26,65,0,0,63,0.0,0.0
Q8B096E1,18,35,1,0,0,1,0.0,0.0
H6C152E1,23,24,44,0,0,1,0.0,0.0
B31103E1,8,37,107,0,0,0,0.0,0.0
D23336E1,21,29,7,0,0,0,0.0,0.0
B12303E1,5,2,16,0,0,0,0.0,0.0
B12301E1,24,23,16,0,0,0,0.0,0.0
H21M01E1,4,23,92,0,0,0,0.0,0.0
C12333E1,21,29,15,0,0,0,0.0,0.0
H31BDAE1,3,6,127,0,0,125,0.0,0.0
V82113E1,19,36,43,0,0,1,0.0,0.0
H3CTSEE1,7,10,11,0,0,3,0.0,0.0
C73507E1,8,37,40,0,0,0,0.0,0.0
HG1J1BE1,18,35,24,0,0,1,0.0,0.0
C13564E1,5,2,39,0,0,4,0.0,0.0
V13108E1,7,10,11,0,0,3,0.0,0.0
C13567E1,24,23,17,0,0,0,0.0,0.0
Q83186E1,24,23,2,0,0,0,0.0,0.0
H71EMPE1,25,22,61,0,0,0,0.0,0.0
H72NNSE1,8,37,65,0,0,0,0.0,0.0
R81022E1,9,15,33,0,0,3,0.0,0.0
H82024E1,14,9,60,0,0,0,0.0,0.0
J1B111E1,15,13,56,0,0,0,0.0,0.0
R8A013E1,24,23,4,0,0,0,0.0,0.0
R13016E1,23,24,19,0,0,9,0.0,0.0
W32C10E1,21,29,16,0,0,0,0.0,0.0
R83052E1,8,37,23,0,0,7,0.0,0.0
V13155E1,5,2,3,0,0,0,0.0,0.0
J1C205E1,11,32,11,0,0,0,0.0,0.0
B11102E1,6,1,110,0,0,11,0.0,0.0
B32325E1,2,5,110,0,0,0,0.0,0.0
R12025E1,16,26,16,0,0,10,0.0,0.0
B33544E1,2,6,93,0,0,93,0.0,0.0
G5BCCNE1,11,32,81,0,0,48,0.0,0.0
B33541E1,5,35,93,0,0,93,0.0,0.0
R12024E1,15,30,5,0,0,1,0.0,0.0
M3B057E1,8,2,28,0,0,13,0.0,0.0
F321Q6E1,15,13,18,0,0,0,0.0,0.0
F331S2E1,9,15,82,0,0,2,0.0,0.0
K41110E1,10,34,31,0,0,2,0.0,0.0
C12328E1,26,1,32,0,0,1,0.0,0.0
J1C111E1,24,23,35,0,0,0,0.0,0.0
G13MM2E1,17,34,29,0,0,1,0.0,0.0
H2CV03E1,17,34,16,0,0,7,0.0,0.0
J1C106E1,14,2,20,0,0,0,0.0,0.0
F13P01E1,26,7,111,0,0,107,0.0,0.0
H81050E1,14,13,62,0,0,2,0.0,0.0
L13521E1,22,24,20,0,0,19,0.0,0.0
G11MA2E1,3,5,40,0,0,78,0.0,0.0
F311T1E1,20,28,175,0,0,161,0.0,0.0
G12ME1E1,21,30,108,0,0,107,0.0,0.0
EN00P7E1,21,29,22,0,0,0,0.0,0.0
B31105E1,5,2,107,0,0,107,0.0,0.0
J1C116E1,24,23,10,0,0,0,0.0,0.0
J1B203E1,26,37,11,0,0,0,0.0,0.0
H62131E1,16,26,97,0,0,40,0.0,0.0
C81JIAE1,26,2,1,0,0,0,0.0,0.0
J1B109E1,8,37,47,0,0,47,0.0,0.0
D22227E1,16,1,1,0,0,0,0.0,0.0
J1B117E1,10,24,59,0,0,34,0.0,0.0
G53FSPE1,13,9,49,0,0,22,0.0,0.0
L83115E1,2,5,52,0,0,3,0.0,0.0
K1AHRSE1,14,2,53,0,0,0,0.0,0.0
H8C019E1,20,29,58,0,0,0,0.0,0.0
V13159E1,26,37,10,0,0,0,0.0,0.0
C8P002E1,8,3,22,0,0,22,0.0,0.0
C13563E1,24,7,7,0,0,3,0.0,0.0
V13185E1,26,37,13,0,0,0,0.0,0.0
G111ACE1,17,34,34,0,0,1,0.0,0.0
H31DM1E1,23,23,125,0,0,0,0.0,0.0
C52303E1,14,2,12,0,0,0,0.0,0.0
H8A009E1,21,6,105,0,0,81,0.0,0.0
C43511E1,18,12,38,0,0,0,0.0,0.0
F13O06E1,21,3,1,0,0,1,0.0,0.0
H7CFOOE1,16,26,41,0,0,27,0.0,0.0
H6P002E1,14,9,25,0,0,12,0.0,0.0
J1A111E1,20,6,44,0,0,44,0.0,0.0
M31012E1,12,31,168,0,0,167,0.0,0.0
J1B115E1,21,29,11,0,0,0,0.0,0.0
HG1J1AE1,20,28,23,0,0,12,0.0,0.0
J1C119E1,2,5,40,0,0,17,0.0,0.0
G12AN1E1,2,5,103,0,0,100,0.0,0.0
C13569E1,14,9,19,0,0,0,0.0,0.0
EN00P1E1,8,37,21,0,0,0,0.0,0.0
C72303E1,14,9,50,0,0,20,0.0,0.0
H7CSERE1,19,36,20,0,0,4,0.0,0.0
F13I05E1,24,23,1,0,0,0,0.0,0.0
F3B1B3E1,22,24,40,0,0,20,0.0,0.0
L3B026E1,23,24,26,0,0,8,0.0,0.0
AAA033E1,11,28,12,0,0,4,0.0,0.0
H3CENIE1,18,35,42,0,0,15,0.0,0.0
V12115E1,26,7,13,0,0,3,0.0,0.0
C8CXDLE1,18,1,5,0,0,1,0.0,0.0
V13103E1,20,1,12,0,0,0,0.0,0.0
V12119E1,16,26,16,0,0,7,0.0,0.0
B31107E1,21,4,108,0,0,215,0.0,0.0
G13QT1E1,20,28,31,0,0,8,0.0,0.0
C8P001E1,24,1,22,0,0,22,0.0,0.0
EN00C1E1,2,1,18,0,0,0,0.0,0.0
F311Q1E1,16,26,157,0,0,198,0.0,0.0
F331X5E1,2,1,5,0,0,0,0.0,0.0
D23315E1,2,4,4,0,0,4,0.0,0.0
H8C002E1,25,22,33,0,0,2,0.0,0.0
HG2S3EE1,17,6,23,0,0,23,0.0,0.0
V6B307E1,22,9,15,0,0,2,0.0,0.0
J1A112E1,21,29,11,0,0,0,0.0,0.0
